"C_p_KT","C_p_L","C_p_PG","C_p_inc","Phi_u","Points:0","Points:1","Points:2","arc_length","dC_f:0","dC_f:1","dC_f:2","inclination","mu","sigma","v:0","v:1","v:2"
0.363592416048,0.335496842861,0.383316159248,0.27482765913,1.03763020039,1.07908129692,0.957000017166,0,0,5.16731051903e-06,-1.44972682392e-06,-3.88066873711e-05,1,-0.0353613160551,-0.0260650925338,198.722930908,25.6217651367,25.5038146973
0.32718911767,0.303652197123,0.343601077795,0.246353000402,1.03436398506,1.07524633408,0.957000017166,-0.000510647718329,0.00386881133084,4.77858975501e-06,-1.34049832923e-06,-3.62436076102e-05,1,-0.034759990871,-0.0243211761117,202.756958008,24.2517986298,25.7268066406
0.303804397583,0.283226460218,0.31806281209,0.22804273665,1.0322163105,1.07272553444,0.957000017166,-0.000846294278745,0.00641185860185,4.49993603979e-06,-1.26219561025e-06,-3.44117215718e-05,1,-0.0343655236065,-0.0231958776712,205.342041016,23.4002361298,25.8667373657
0.253550678492,0.23888105154,0.263552874327,0.188960537314,1.02836275101,1.06848180294,0.957000017166,-0.00138658576179,0.0106898455022,3.904067853e-06,-1.09481527488e-06,-3.03184024233e-05,1,-0.0339418798685,-0.021212419495,210.769439697,21.8249778748,26.222902298
0.221322253346,0.210482001305,0.228561297059,0.163872480392,1.02583158016,1.06569242477,0.957000017166,-0.00174171698745,0.0135017396577,3.4796030377e-06,-9.7557801837e-07,-2.74106023426e-05,1,-0.0336617566645,-0.0199325438589,214.247451782,20.8163795471,26.4488506317
0.197035714984,0.188304930925,0.202823415399,0.145419090986,1.02149248123,1.06101262569,0.957000017166,-0.00233374652453,0.0182188381728,3.26809390572e-06,-9.16279134344e-07,-2.57606370724e-05,1,-0.0332846827805,-0.0198811925948,216.681716919,20.0720310211,26.7741184235
0.181466028094,0.174111261964,0.186305120587,0.133575901389,1.01864326,1.0579366684,0.957000017166,-0.002722884994,0.0213193126605,3.11988878821e-06,-8.74728527833e-07,-2.46047893597e-05,1,-0.0330341383815,-0.0198480580002,218.241073608,19.6015071869,26.9821929932
0.160680696368,0.15480735898,0.16452178359,0.117957822978,1.0137963295,1.05279374123,0.957000017166,-0.00337676866911,0.0265036413282,2.91410651698e-06,-8.17052239199e-07,-2.29633606068e-05,1,-0.0326977856457,-0.0199342686683,220.260055542,18.9602737427,27.2794570923
0.147336035967,0.142435953021,0.150520116091,0.107919000089,1.0106137991,1.0494133234,0.957000017166,-0.00380656355992,0.0299112722225,2.76983018921e-06,-7.76615081577e-07,-2.1812003979e-05,1,-0.032473295927,-0.0199898984283,221.555267334,18.5570755005,27.4699554443
0.128231421113,0.124429412186,0.130689054728,0.0937006473541,1.00522959232,1.04378020763,0.957000017166,-0.00452084233984,0.0355894926687,2.52880204243e-06,-7.08871198185e-07,-1.99758269446e-05,1,-0.0321802981198,-0.0195141267031,223.380493164,17.9568042755,27.6166057587
0.115955255926,0.112880446017,0.117930740118,0.0845532640815,1.00169467926,1.0400775671,0.957000017166,-0.00499033508822,0.0393217802194,2.35888455791e-06,-6.6110607122e-07,-1.86842626135e-05,1,-0.0319836884737,-0.019207123667,224.552520752,17.5803871155,27.7100467682
0.0980955809355,0.0958156660199,0.0995538085699,0.0713774859905,0.995745182037,1.03393042088,0.957000017166,-0.00576209882274,0.045517183836,2.08034362004e-06,-5.82629638757e-07,-1.66042682395e-05,1,-0.0317388959229,-0.0180108416826,226.242385864,17.0049324036,27.672832489
0.086613945663,0.0848662704229,0.087725058198,0.062896579504,0.991839170456,1.02988982201,0.957000017166,-0.00626937579364,0.0495895012534,1.88304534277e-06,-5.27020063146e-07,-1.51377598741e-05,1,-0.0315733589232,-0.0172389131039,227.328109741,16.6446876526,27.6476593018
0.0702375620604,0.0690206736326,0.0710084438324,0.0509111993015,0.985300064087,1.02320861816,0.957000017166,-0.00708982301876,0.0563208917806,1.5815982124e-06,-4.42020734681e-07,-1.28756910271e-05,1,-0.0313818529248,-0.0152119733393,228.873275757,16.0981674194,27.3951301575
0.0597076676786,0.0588523410261,0.0602462701499,0.0431950055063,0.981007218361,1.01881706715,0.957000017166,-0.00762909930199,0.06074543009,1.36729966016e-06,-3.8154925619e-07,-1.12789412015e-05,1,-0.0312507264316,-0.0139040416107,229.866287231,15.7566041946,27.231004715
0.045293211937,0.0447448156774,0.0456377081573,0.0327210463583,0.973863303661,1.01158702374,0.957000017166,-0.00848783459514,0.0680262922664,1.07041250885e-06,-2.98081431538e-07,-8.96434994502e-06,1,-0.0311143230647,-0.01126630418,231.22618103,15.2529945374,26.8038578033
0.0360259190202,0.0356933511794,0.0362336263061,0.0259785633534,0.969173491001,1.00683474541,0.957000017166,-0.00905227754265,0.072811973529,8.5890178525e-07,-2.38543719888e-07,-7.33068645786e-06,1,-0.0310187805444,-0.00956424418837,232.100036621,14.9390058517,26.5270576477
0.0237350221723,0.02354304865,0.0238547883928,0.017103260383,0.961419284344,0.99904859066,0.957000017166,-0.00993981678039,0.0806485500547,5.86379030665e-07,-1.62545276794e-07,-5.06396963829e-06,1,-0.030936639756,-0.00660214945674,233.261047363,14.4843816757,25.9885597229
0.0158359762281,0.0157506614923,0.015888908878,0.0113919330761,0.95632904768,0.993930876255,0.957000017166,-0.0105231916532,0.0857994069712,3.91991051174e-07,-1.08233997764e-07,-3.46555748365e-06,1,-0.0308761112392,-0.00469078822061,234.006820679,14.2017621994,25.6399421692
0.00553386332467,0.00547874020413,0.00556796975434,0.00399208907038,0.947969198227,0.985589981079,0.957000017166,-0.0114314705133,0.0941896097592,1.52492745542e-07,-4.24157633461e-08,-1.30120895392e-06,1,-0.0308457799256,-0.00166130578145,234.981246948,13.7940273285,25.0527648926
-0.00108248775359,-0.00110414333176,-0.00106919917744,-0.000766587967519,0.942481517792,0.980107486248,0.957000017166,-0.0120284771547,0.099704513793,-1.84271815584e-08,4.68670258158e-09,2.22891017643e-07,1,-0.0308186281472,0.000293537741527,235.606689453,13.5413255692,24.672794342
-0.00977662298828,-0.00983628630638,-0.00974023621529,-0.00698349485174,0.933530509472,0.971222877502,0.957000017166,-0.0129515714943,0.108636947712,-2.26487145483e-07,6.0606346608e-08,2.28634939958e-06,1,-0.0308372136205,0.00319389277138,236.428100586,13.1710681915,24.0893554688
-0.0153541509062,-0.0154259800911,-0.0153103899211,-0.010977149941,0.927654981613,0.965383112431,0.957000017166,-0.0135583179072,0.114508148382,-3.74957153326e-07,1.00665282332e-07,3.73732791559e-06,1,-0.0308415256441,0.00506541412324,236.954772949,12.9421482086,23.7118625641
-0.0230395831168,-0.0231944713742,-0.0229455400258,-0.0164513550699,0.918137073517,0.95597666502,0.957000017166,-0.0144918477163,0.123960805722,-5.61735475912e-07,1.49410411154e-07,5.76856109546e-06,1,-0.0309070441872,0.00772509910166,237.675689697,12.5927391052,23.1667785645
-0.0279625859112,-0.0281595699489,-0.0278430003673,-0.0199627038091,0.911889612675,0.949793815613,0.957000017166,-0.0151054523885,0.130174028516,-6.94960874625e-07,1.84353041277e-07,7.19588888387e-06,1,-0.0309414956719,0.00944132264704,238.13722229,12.3768634796,22.8140926361
-0.0353182293475,-0.0356386713684,-0.0351243838668,-0.0251832660288,0.901837527752,0.939898729324,0.957000017166,-0.0160460546613,0.140113719924,-8.73300109561e-07,2.29254794704e-07,9.30832175072e-06,1,-0.0310544893146,0.0118972798809,238.818267822,12.0277481079,22.3068885803
-0.040021918714,-0.0404103659093,-0.0397870615125,-0.0285262856632,0.895239710808,0.933394670486,0.957000017166,-0.0166643094271,0.14664709733,-1.00051863683e-06,2.61479698338e-07,1.07935484266e-05,1,-0.0311194155365,0.0134820435196,239.253585815,11.8117227554,21.9786701202
-0.0476337485015,-0.0481954142451,-0.0472954064608,-0.033909574151,0.884694814682,0.923055231571,0.957000017166,-0.0176060944796,0.157029339678,-1.17944853173e-06,3.04507892679e-07,1.31003498609e-05,1,-0.0312832482159,0.0158875938505,239.948059082,11.4436597824,21.4791507721
-0.0524930618703,-0.0531536005437,-0.0520954839885,-0.0373511016369,0.877773880959,0.916259169579,0.957000017166,-0.0182251259685,0.16385353623,-1.30726073166e-06,3.35474311441e-07,1.47246973938e-05,1,-0.03138082847,0.0174398310483,240.391311646,11.2152147293,21.1558742523
-0.0607263334095,-0.0616260692477,-0.0601868852973,-0.0431524217129,0.86678647995,0.905530810356,0.957000017166,-0.019159283489,0.174622488913,-1.48555500346e-06,3.7517651208e-07,1.72928466782e-05,1,-0.0316012725234,0.0200579091907,241.134277344,10.8145999908,20.6042041779
-0.0659737512469,-0.0670127868652,-0.0653514415026,-0.0468552745879,0.85957545042,0.898479104042,0.957000017166,-0.0197733007371,0.181700877086,-1.61332593507e-06,4.03941015747e-07,1.91041835933e-05,1,-0.0317352712154,0.0217472836375,241.607849121,10.5652008057,20.247215271
-0.0747963860631,-0.0761510431767,-0.073988340795,-0.053047709167,0.84820574522,0.887427151203,0.957000017166,-0.020684029907,0.192790290468,-1.77372817234e-06,4.33756582652e-07,2.18896293518e-05,1,-0.0320188105106,0.0249099824578,242.401153564,10.1305379868,19.5620536804
-0.0804083421826,-0.0819490328431,-0.0794904828072,-0.0569926016033,0.840744197369,0.880162775517,0.957000017166,-0.0212826486677,0.200079288927,-1.88942794921e-06,4.55762432239e-07,2.38558641286e-05,1,-0.0321934334934,0.0269507858902,242.906005859,9.85956287384,19.1188259125
-0.0893402174115,-0.0912626460195,-0.0881994739175,-0.06323672086,0.829064190388,0.868861317635,0.957000017166,-0.022148264572,0.21141384852,-1.99959777092e-06,4.64490199192e-07,2.66744264081e-05,1,-0.0325440019369,0.0309498980641,243.712631226,9.40475463867,18.2234020233
-0.0950048491359,-0.0971537157893,-0.0937314778566,-0.0672030225396,0.821399569511,0.86143296957,0.957000017166,-0.022717230022,0.218863954334,-2.08040296457e-06,4.71876973052e-07,2.86627637252e-05,1,-0.0327617935836,0.0335304178298,244.224746704,9.12160968781,17.6443939209
-0.103182092309,-0.1057350263,-0.101674564183,-0.0728980079293,0.809494316578,0.849963307381,0.957000017166,-0.0235105156898,0.230361017128,-2.10226244235e-06,4.471034174e-07,3.12059601129e-05,1,-0.033177960664,0.0385677292943,244.974441528,8.67518997192,16.4808616638
-0.108341321349,-0.111134067178,-0.106694355607,-0.0764970704913,0.801682591438,0.8424243927,0.957000017166,-0.024031938985,0.237917942218,-2.12122813537e-06,4.31150283475e-07,3.29945069097e-05,1,-0.0334379374981,0.0418181717396,245.448394775,8.39880180359,15.7287912369
-0.114671185613,-0.117812134326,-0.112823680043,-0.0808916389942,0.789650380611,0.830873012543,0.957000017166,-0.0247242134064,0.249490047792,-2.02728438126e-06,3.65335921515e-07,3.48854919139e-05,1,-0.0339105539024,0.047934833914,246.049850464,7.99999666214,14.2791347504
-0.118621006608,-0.121966898441,-0.116655044258,-0.0836386233568,0.781756162643,0.823280334473,0.957000017166,-0.0251792408526,0.257096348487,-1.96497148863e-06,3.20788359431e-07,3.62037280865e-05,1,-0.0342066772282,0.0518817529082,246.426742554,7.75623321533,13.3424797058
-0.120631940663,-0.124090977013,-0.11860088259,-0.085033737123,0.769706010818,0.811736881733,0.957000017166,-0.0257442463189,0.268653620324,-1.75779939582e-06,2.17409208858e-07,3.71811911464e-05,1,-0.0347185730934,0.058959517628,246.681640625,7.33612394333,11.6290273666
-0.121824085712,-0.125346198678,-0.1197565943,-0.0858623534441,0.761800944805,0.804149389267,0.957000017166,-0.0261156205088,0.276250195915,-1.61568789281e-06,1.46837635384e-07,3.78280856239e-05,1,-0.0350395515561,0.0635266080499,246.836105347,7.09207677841,10.5224237442
-0.122203364968,-0.125748991966,-0.120122440159,-0.086124651134,0.753961026669,0.796626329422,0.957000017166,-0.0263905730098,0.28377827856,-1.40991403441e-06,6.19598452545e-08,3.74356350221e-05,1,-0.0353697165847,0.0685438364744,246.910797119,7.0617852211,9.29810237885
-0.123072683811,-0.126673549414,-0.120960213244,-0.0867253169417,0.742008507252,0.785180866718,0.957000017166,-0.0268088839948,0.295231382968,-1.10948076326e-06,-6.27874925385e-08,3.69175613741e-05,1,-0.0358969755471,0.0763191878796,247.049072266,7.00211191177,7.40179491043
-0.119912825525,-0.123344421387,-0.117898009717,-0.0845298022032,0.734309971333,0.777779877186,0.957000017166,-0.026981048286,0.302634374702,-8.91788147328e-07,-1.41447628721e-07,3.56347773049e-05,1,-0.0362180285156,0.0815437063575,246.828018188,7.0079126358,6.1194486618
-0.115244813263,-0.118409760296,-0.113383233547,-0.0812928155065,0.722571372986,0.766520082951,0.957000017166,-0.0272429753095,0.313897215018,-5.73875126975e-07,-2.58353622939e-07,3.38941936207e-05,1,-0.0367326550186,0.0896403118968,246.506149292,6.98365545273,4.13244104385
-0.109446316957,-0.112331397831,-0.107747115195,-0.0772518664598,0.715086102486,0.759295403957,0.957000017166,-0.0273137111217,0.321122240285,-3.87865327411e-07,-3.11296986411e-07,3.17643607559e-05,1,-0.0370264723897,0.0948334410787,246.053085327,7.095744133,2.86329197884
-0.100665986538,-0.103094413877,-0.0992306023836,-0.0711457580328,0.703671038151,0.748303890228,0.957000017166,-0.0274213291705,0.332114280846,-1.12925846452e-07,-3.92889319301e-07,2.88319170068e-05,1,-0.0375006049871,0.102881401777,245.370941162,7.23196268082,0.895827054977
-0.0926106348634,-0.0947178676724,-0.091363273561,-0.0655050873756,0.696462512016,0.741304516792,0.957000017166,-0.0273977890611,0.339113693867,6.45889830508e-09,-4.0640875909e-07,2.60709075519e-05,1,-0.0377517901361,0.107851542532,244.711868286,7.44322729111,-0.303973734379
-0.0802951827645,-0.0818638280034,-0.0793617367744,-0.0569002963603,0.685467839241,0.730655789375,0.957000017166,-0.0273619741201,0.349762481512,1.88637102383e-07,-4.33008636946e-07,2.22427079279e-05,1,-0.0381616316736,0.115553922951,243.708755493,7.72943544388,-2.16488003731
-0.0705525279045,-0.0718370378017,-0.069787286222,-0.0500356629491,0.678588092327,0.723924219608,0.957000017166,-0.0272560548037,0.356494884532,2.25933007414e-07,-4.02935967259e-07,1.91256440303e-05,1,-0.0383590199053,0.120177015662,242.886444092,8.0242099762,-3.2588891983
-0.0555754639208,-0.0563644208014,-0.0551023148,-0.0395069234073,0.668093562126,0.713682889938,0.957000017166,-0.0270949099213,0.366737481912,2.9271512858e-07,-3.68163398434e-07,1.47821901919e-05,1,-0.0386871509254,0.12734156847,241.627807617,8.43696308136,-4.95665454865
-0.0447281487286,-0.0453341379762,-0.0443645901978,-0.0318082533777,0.661581933498,0.707254111767,0.957000017166,-0.0269203092903,0.373168630655,2.51260445339e-07,-2.99005648685e-07,1.15724005809e-05,1,-0.0388248376548,0.131612196565,240.687530518,8.79745674133,-5.94070625305
-0.0279890429229,-0.0282467864454,-0.0278332792222,-0.0199557356536,0.651647686958,0.697473526001,0.957000017166,-0.0266546737403,0.382952823017,2.06589845675e-07,-2.08765754905e-07,7.08004063199e-06,1,-0.0390618219972,0.138230532408,239.243087769,9.31020832062,-7.46872138977
-0.0164932366461,-0.0167084820569,-0.0163627881557,-0.0117316925898,0.645531356335,0.691374897957,0.957000017166,-0.0264243017882,0.38905580059,9.99282079306e-08,-1.09212592747e-07,3.97956455345e-06,1,-0.0391384251416,0.142213374376,238.220748901,9.72204303741,-8.35774230957
0.00129920581821,0.00121921917889,0.00134841236286,0.000966776453424,0.636199176311,0.682096540928,0.957000017166,-0.026073820889,0.398340774797,-3.7655219387e-08,2.45536924126e-08,-3.7856216295e-07,1,-0.0392817519605,0.148385718465,236.645996094,10.3135700226,-9.73898887634
0.0131579302251,0.0129607534036,0.0132807651535,0.00952196214348,0.630494177341,0.67634755373,0.957000017166,-0.0257991757244,0.404096318539,-1.94555127564e-07,1.45957628206e-07,-3.24091956827e-06,1,-0.0392993576825,0.152218684554,235.562973022,10.7686519623,-10.5653572083
0.0315555930138,0.0312471427023,0.0317485257983,0.0227628666908,0.621788978577,0.667601168156,0.957000017166,-0.025381334126,0.412852679211,-4.04110892305e-07,3.11281070253e-07,-7.28214035917e-06,1,-0.0393518619239,0.158158764243,233.89125061,11.4273767471,-11.8499183655
0.043721832335,0.0431256256998,0.0440976060927,0.031616833061,0.616502463818,0.66221421957,0.957000017166,-0.0250706374645,0.418248580199,-6.01034514602e-07,4.49347879794e-07,-9.85765018413e-06,1,-0.0393147990108,0.162025019526,232.747756958,11.9276418686,-12.6544237137
0.0626315996051,0.0616586916149,0.0632458925247,0.0453456528485,0.608435213566,0.654018580914,0.957000017166,-0.0245979465544,0.426457838977,-8.67956600814e-07,6.38772974071e-07,-1.35100517582e-05,1,-0.0392828024924,0.168016657233,230.979858398,12.6573467255,-13.9055013657
0.075259193778,0.0738112702966,0.0761801898479,0.0546192117035,0.603567242622,0.648999273777,0.957000017166,-0.0242570340633,0.43148871022,-1.10201642656e-06,7.92801870375e-07,-1.58105049195e-05,1,-0.0391959361732,0.172090753913,229.755203247,13.2150726318,-14.722743988
0.0949121937156,0.0927958264947,0.0962630659342,0.0690181106329,0.596138298512,0.641362965107,0.957000017166,-0.0237383749336,0.439142612322,-1.42187320762e-06,1.00509817003e-06,-1.90864120668e-05,1,-0.0390866659582,0.178404510021,227.859649658,14.0353317261,-15.9940166473
0.10827293992,0.105462484062,0.11008001864,0.0789244994521,0.591683804989,0.636711001396,0.957000017166,-0.02337089926,0.443809067587,-1.6951616999e-06,1.17728200166e-06,-2.1149911845e-05,1,-0.0389544777572,0.1828199476,226.519226074,14.6699323654,-16.8444271088
0.129083842039,0.125264257193,0.13155144453,0.0943189635873,0.58488547802,0.62963360548,0.957000017166,-0.0228118244559,0.450908511057,-2.07054972634e-06,1.41529892517e-06,-2.40987428697e-05,1,-0.0387746654451,0.18966268003,224.443008423,15.6111335754,-18.1676654816
0.14349770546,0.138713628054,0.146611616015,0.105116710067,0.580835103989,0.625343620777,0.957000017166,-0.0224208440632,0.455216275491,-2.3882091682e-06,1.60947672612e-06,-2.59669286606e-05,1,-0.0386007279158,0.194515362382,222.943099976,16.3469352722,-19.0576705933
0.165956825018,0.159744039178,0.170024186373,0.121902905405,0.574653327465,0.618816912174,0.957000017166,-0.0218260101974,0.461770034147,-2.82608675661e-06,1.87842363175e-06,-2.8643733458e-05,1,-0.0383557900786,0.202035725117,220.619216919,17.4468536377,-20.4429645538
0.181742087007,0.174222871661,0.186703577638,0.133861586452,0.570994734764,0.614879369736,0.957000017166,-0.0214138831943,0.46572908569,-3.19292234963e-06,2.09813151741e-06,-3.03495653498e-05,1,-0.0381427593529,0.207367569208,218.911087036,18.31108284,-21.3613586426
0.206338122487,0.196860283613,0.212634667754,0.152453497052,0.5654104352,0.608888804913,0.957000017166,-0.0207868795842,0.471752373864,-3.69988561033e-06,2.40286317421e-06,-3.27980560542e-05,1,-0.0378367900848,0.215630486608,216.264633179,19.6117782593,-22.7915077209
0.22372585535,0.212515085936,0.231236115098,0.165790259838,0.562128484249,0.605290472507,0.957000017166,-0.0203567054123,0.475376328322,-4.11699375036e-06,2.64934078587e-06,-3.43527244695e-05,1,-0.0375863611698,0.221417292953,214.302322388,20.6302776337,-23.70753479
0.250812470913,0.236982271075,0.260150134563,0.186520859599,0.55711877346,0.599816083908,0.957000017166,-0.0197022426873,0.480889698616,-4.69459200758e-06,2.99158750749e-06,-3.65869200323e-05,1,-0.0372220166028,0.230385273695,211.262924194,22.1714553833,-25.1350669861
0.269862115383,0.253790974617,0.28080946207,0.201333060861,0.554196178913,0.596541285515,0.957000017166,-0.0192576162517,0.484194543118,-5.15637520948e-06,3.26202052747e-06,-3.79738521588e-05,1,-0.0369354970753,0.236560702324,209.012039185,23.3638916016,-26.0062179565
0.299525588751,0.280047506094,0.312910765409,0.224348857999,0.549734473228,0.591559112072,0.957000017166,-0.0185811687261,0.489222428705,-5.79682864554e-06,3.63786966773e-06,-3.99695454689e-05,1,-0.0365148894489,0.246130973101,205.527404785,25.1753959656,-27.3655223846
0.319876641035,0.297624260187,0.335308879614,0.240407720208,0.547151625156,0.588590025902,0.957000017166,-0.018126623705,0.492226107093,-6.28426641924e-06,3.92136962546e-06,-4.11219443777e-05,1,-0.0361936911941,0.25258526206,202.996902466,26.5372943878,-28.1462345123
0.35154607892,0.325059473515,0.370091080666,0.265345662832,0.543208003044,0.584073007107,0.957000017166,-0.0174350831658,0.49679575556,-6.96103325026e-06,4.31562921221e-06,-4.27849736298e-05,1,-0.0357191264629,0.262587666512,199.082595825,28.6110305786,-29.367181778
0.371572196484,0.341993153095,0.392460644245,0.281384050846,0.54094171524,0.581390619278,0.957000017166,-0.0169756785035,0.499517199498,-7.44933322494e-06,4.59668535768e-06,-4.34990724898e-05,1,-0.03536683321,0.269696772099,196.427032471,30.056678772,-30.1407394409
0.402689397335,0.368382811546,0.427147209644,0.306253403425,0.537480771542,0.577309608459,0.957000017166,-0.0162767451257,0.503657629086,-8.1267708083e-06,4.98711597174e-06,-4.45432597189e-05,1,-0.0348439849913,0.28071397543,192.326568604,32.2571640015,-31.3541488647
0.423826098442,0.385837614536,0.451159626245,0.323469668627,0.535499036312,0.574895203114,0.957000017166,-0.0158112682402,0.506116495065,-9.00740815268e-06,5.48900015929e-06,-4.49425460829e-05,1,-0.0344743095338,0.294996976852,189.065826416,34.0665168762,-33.1338844299
0.456591516733,0.412972450256,0.488307058811,0.350103408098,0.53247153759,0.571221888065,0.957000017166,-0.0151030989364,0.509857450452,-1.02218891698e-05,6.18155672782e-06,-4.55398840131e-05,1,-0.0339243598282,0.317131787539,184.039825439,36.8242340088,-35.9209403992
0.491403132677,0.440737754107,0.528885066509,0.379196822643,0.530764460564,0.569074630737,0.957000017166,-0.0145579138771,0.512072837728,-1.26792192532e-05,7.5882649071e-06,-4.65864468424e-05,1,-0.0335541144013,0.350340992212,177.502319336,40.5235328674,-39.400428772
0.545465886593,0.483971208334,0.591780722141,0.424291372299,0.52815502882,0.565807759762,0.957000017166,-0.0137284761295,0.515443358896,-1.60682793648e-05,9.52886148298e-06,-4.80927956232e-05,1,-0.033003076911,0.401806354523,167.403625488,46.2067909241,-44.8605461121
0.603058934212,0.527807891369,0.661390721798,0.474199920893,0.52679091692,0.56396239996,0.957000017166,-0.0129828546196,0.517433661445,-2.11536989809e-05,1.24465386762e-05,-4.96017200931e-05,1,-0.0326113849878,0.454065382481,154.462615967,53.5657119751,-46.040222168
0.692937254906,0.596377849579,0.769830405712,0.551948308945,0.524703264236,0.561154901981,0.957000017166,-0.0118484767154,0.520461673685,-2.81973862002e-05,1.6488482288e-05,-5.17917869729e-05,1,-0.0320277288556,0.535052835941,134.417907715,64.9323348999,-47.9892196655
0.748321115971,0.636689007282,0.839169919491,0.601662933826,0.523809790611,0.559672176838,0.957000017166,-0.0108552193269,0.522246340066,-3.42521125276e-05,1.99555215659e-05,-5.06170690642e-05,1,-0.0315522328019,0.590164422989,116.77557373,74.9576187134,-39.2138977051
0.835521578789,0.700268924236,0.948194563389,0.679830789566,0.52243834734,0.557416379452,0.957000017166,-0.00934409163892,0.524961506495,-4.26921433245e-05,2.47893040068e-05,-4.91203827551e-05,1,-0.0308409593999,0.675572514534,89.3955307007,90.484046936,-25.7659645081
0.834603130817,0.699611842632,0.947029650211,0.678995549679,0.522116184235,0.556339085102,0.957000017166,-0.00816429592669,0.526559155092,-4.46451776952e-05,2.58844502241e-05,-4.27431696153e-05,1,-0.0302170291543,0.718617618084,73.9958953857,99.2020492554,-3.04854345322
0.835271894932,0.70009791851,0.947866380215,0.679595470428,0.521614313126,0.55470007658,0.957000017166,-0.00636937282979,0.528989812998,-4.74652551929e-05,2.74679750873e-05,-3.4013268305e-05,1,-0.0292795524001,0.785325944424,50.0379753113,112.733123779,32.0100364685
0.718879818916,0.609677493572,0.808869302273,0.579938173294,0.521898627281,0.554048001766,0.957000017166,-0.00509916432202,0.530417619434,-4.03715712309e-05,2.33514401771e-05,-2.51507772191e-05,1,-0.028481643647,0.810148775578,45.0859909058,115.454589844,65.9764404297
0.541573405266,0.472098112106,0.596968650818,0.428010970354,0.522319853306,0.553056001663,0.957000017166,-0.00316668720916,0.532589837654,-3.06864712911e-05,1.77306701516e-05,-1.29006784846e-05,1,-0.0272789746523,0.848617553711,37.2677192688,119.722793579,118.494277954
0.262999564409,0.194642081857,0.310059189796,0.222304359078,0.523173689842,0.552845060825,0.957000017166,-0.00191075576004,0.533863360265,-1.49912284542e-05,8.66323989612e-06,-9.12493578653e-06,1,-0.026348663494,0.850011825562,48.786781311,113.007003784,154.154159546
-0.162786528468,-0.226988524199,-0.129769772291,-0.0930415466428,0.524462163448,0.552524209023,0.957000017166,0,0.535800867286,6.57155806039e-06,-3.79409084417e-06,-3.82072130378e-06,1,-0.0249438434839,0.852172613144,66.4406967163,102.687324524,209.272567749
-0.864537537098,-1.43136680126,-0.703039824963,-0.504061222076,0.526616752148,0.552845060825,0.957000017166,0.00191075576004,0.537738374306,3.48515932274e-05,-2.01357306651e-05,-1.48991821334e-05,1,-0.0233110561967,0.814542472363,107.252845764,79.0325317383,248.566116333
-1.32153844833,-2.22937178612,-1.07438409328,-0.770305395126,0.528039813042,0.553056001663,0.957000017166,0.00316668720916,0.539011896917,5.53064528503e-05,-3.19556893373e-05,-2.30102104979e-05,1,-0.0222309939563,0.790260791779,133.720855713,63.7160720825,273.837463379
-2.24287390709,-8.9609041214,-1.6317204237,-1.16990101337,0.531172931194,0.554048001766,0.957000017166,0.00509916432202,0.541184115138,8.06910320534e-05,-4.66801902803e-05,-5.23778799106e-05,1,-0.0202893204987,0.721097171307,184.877487183,34.145198822,286.106719971
-2.84352993965,-13.7437286377,-1.99247801304,-1.42855477333,0.533239424229,0.55470007658,0.957000017166,0.00636937282979,0.542611921573,9.90155240288e-05,-5.7309785916e-05,-7.3697847256e-05,1,-0.0190059430897,0.676467776299,217.986373901,15.0272932053,293.952575684
-3.74466443062,-2.06607055664,-2.40533804893,-1.72456467152,0.537254869938,0.556339085102,0.957000017166,0.00816429592669,0.545042579479,0.000110190398118,-6.39220816083e-05,-0.000113099820737,1,-0.0168106500059,0.584986627102,266.430541992,-13.0261983871,278.515136719
-4.33202171326,4.87706375122,-2.67213630676,-1.91585195065,0.53990149498,0.557416379452,0.957000017166,0.00934409163892,0.546640228076,0.000118203664897,-6.8664943683e-05,-0.000141636890476,1,-0.0153604047373,0.525956273079,297.757873535,-31.1468963623,268.461547852
-4.64556884766,30.6102352142,-2.79550933838,-2.00430727005,0.544633030891,0.559672176838,0.957000017166,0.0108552193269,0.549355394505,0.000109537890239,-6.38842102489e-05,-0.000172898886376,1,-0.0130322771147,0.422141820192,330.803436279,-50.4435081482,230.383789062
-4.84823465347,46.0051422119,-2.87465715408,-2.06105422974,0.547750413418,0.561154901981,0.957000017166,0.0118484767154,0.551140060886,0.000103199156001,-6.03857079113e-05,-0.000195509055629,1,-0.0114946272224,0.355153113604,352.159729004,-62.8940658569,205.714065552
-4.36773109436,29.1250171661,-2.6832587719,-1.92382657528,0.552925765514,0.56396239996,0.957000017166,0.0129828546196,0.554168073126,8.35376049508e-05,-4.92008766741e-05,-0.000202793467906,1,-0.00923127308488,0.263299465179,361.384124756,-68.5823974609,162.924240112
-4.05205535889,19.1619167328,-2.55862259865,-1.83446586132,0.556334793568,0.565807759762,0.957000017166,0.0137284761295,0.556158375675,6.92718167556e-05,-4.1085317207e-05,-0.000208046869375,1,-0.00773625914007,0.204028755426,367.334838867,-72.232963562,135.231307983
-3.34133243561,0.46473428607,-2.23842453957,-1.60489201546,0.561713755131,0.569074630737,0.957000017166,0.0145579138771,0.559528896843,5.38800704817e-05,-3.22374216921e-05,-0.000196938446607,1,-0.00569373043254,0.14804816246,359.569915771,-68.1487045288,106.821495056
-2.87700867653,-10.4135866165,-2.03062987328,-1.45590865612,0.565256476402,0.571221888065,0.957000017166,0.0151030989364,0.561744284119,4.27307968494e-05,-2.58284089796e-05,-0.000188904086826,1,-0.0043439916335,0.111925393343,354.541107178,-65.4844894409,88.4426193237
-2.40974330902,-6.71521854401,-1.77997004986,-1.27619206905,0.570806980133,0.574895203114,0.957000017166,0.0158112682402,0.565485239506,3.57991193596e-05,-2.18016848521e-05,-0.000177023815922,1,-0.00252120103687,0.0884038358927,343.986175537,-59.7223739624,75.8671340942
-2.10524845123,-4.2071313858,-1.6174557209,-1.15967357159,0.574462592602,0.577309608459,0.957000017166,0.0162767451257,0.567944105485,3.07826849166e-05,-1.8887772967e-05,-0.000168450220372,1,-0.00131583947223,0.0732260048389,337.160308838,-55.9777069092,67.7328720093
-1.86975610256,-3.39548063278,-1.4731606245,-1.05621778965,0.580315709114,0.581390619278,0.957000017166,0.0169756785035,0.572084535073,2.79611158476e-05,-1.72535146703e-05,-0.00016324785247,1,0.000405214057537,0.0616483613849,330.168548584,-52.2055702209,61.7438735962
-1.71654236317,-2.85856723785,-1.37967276573,-0.989189386368,0.58417057991,0.584073007107,0.957000017166,0.0174350831658,0.574805979011,2.5920864573e-05,-1.60720737767e-05,-0.000159514806001,1,0.00154410221148,0.0541776195168,325.651123047,-49.7499046326,57.8699760437
-1.58389163017,-2.51779508591,-1.29189395905,-0.926254272461,0.590444982052,0.588590025902,0.957000017166,0.018126623705,0.579375627478,2.41275993176e-05,-1.50621553985e-05,-0.000158525333973,1,0.00325360498391,0.0437242463231,321.284332275,-47.4702682495,53.2143516541
-1.49770510197,-2.29366898537,-1.23507797718,-0.885518670082,0.594577491283,0.591559112072,0.957000017166,0.0185811687261,0.582379305866,2.28314402193e-05,-1.43325696627e-05,-0.000157846850925,1,0.00438558403403,0.0369789637625,318.467041016,-45.9802856445,50.2032928467
-1.40285658836,-2.08293962479,-1.16935610771,-0.838397800922,0.601331591606,0.596541285515,0.957000017166,0.0192576162517,0.587407191453,2.13450221054e-05,-1.35146647153e-05,-0.000158246068168,1,0.00611383793876,0.0270259007812,315.114715576,-44.2895393372,46.1298408508
-1.34131646156,-1.94476652145,-1.12686800957,-0.807934999466,0.605780243874,0.599816083908,0.957000017166,0.0197022426873,0.590712035955,2.02708652068e-05,-1.29241043396e-05,-0.000158580267453,1,0.00725902477279,0.0206034593284,312.955596924,-43.1801719666,43.49559021
-1.26561975479,-1.7922924757,-1.07259047031,-0.769019424915,0.613051354885,0.605290472507,0.957000017166,0.0203567054123,0.596225406249,1.8938064386e-05,-1.22032233776e-05,-0.000159447299666,1,0.00901719834656,0.0113191641867,310.091522217,-41.7842903137,39.8898544312
-1.21657335758,-1.69254803658,-1.03754591942,-0.743893384933,0.617840886116,0.608888804913,0.957000017166,0.0207868795842,0.599849360707,1.79749622475e-05,-1.16829342005e-05,-0.000160128736752,1,0.0101831154898,0.0053282561712,308.250030518,-40.8648910522,37.558216095
-1.15304148197,-1.57385659218,-0.99069583416,-0.710303068161,0.625656068325,0.614879369736,0.957000017166,0.0214138831943,0.605872648881,1.67529706232e-05,-1.10311602839e-05,-0.000161105912412,1,0.0119749726728,-0.00319029577076,305.684112549,-39.6590309143,34.3753738403
-1.11193287373,-1.4963632822,-0.960486531258,-0.688643813133,0.630804479122,0.618816912174,0.957000017166,0.0218260101974,0.609831700424,1.58698330779e-05,-1.05608960439e-05,-0.000161876232596,1,0.0131642762572,-0.00868708919734,304.037109375,-38.8613471985,32.3172454834
-1.05747330189,-1.40064644814,-0.919355332851,-0.659153819084,0.639183163643,0.625343620777,0.957000017166,0.0224208440632,0.61638545908,1.47473210745e-05,-9.96983908408e-06,-0.000162823591381,1,0.0149900233373,-0.0164106935263,301.701263428,-37.8090286255,29.5225372314
-1.02228295803,-1.33826267719,-0.892869651318,-0.640164256096,0.644703388214,0.62963360548,0.957000017166,0.0228118244559,0.620693223514,1.39358389788e-05,-9.54348070081e-06,-0.000163581629749,1,0.0162030365318,-0.0213945284486,300.204589844,-37.1090240479,27.7153606415
-0.97542399168,-1.25998067856,-0.856739223003,-0.614259660244,0.653658807278,0.636711001396,0.957000017166,0.02337089926,0.627792666984,1.29022528199e-05,-9.00653594726e-06,-0.000164472628967,1,0.0180616844445,-0.0283980090171,298.08480835,-36.2036361694,25.2554969788
-0.945188045502,-1.20904529095,-0.833507239819,-0.597602963448,0.65955978632,0.641362965107,0.957000017166,0.0237383749336,0.632459122249,1.21546008813e-05,-8.61921034812e-06,-0.000165198856848,1,0.0192979499698,-0.0329171679914,296.729095459,-35.5965919495,23.6647491455
-0.905033946037,-1.14475667477,-0.801986634731,-0.575003504753,0.669098496437,0.648999273777,0.957000017166,0.0242570340633,0.640113024351,1.11895251393e-05,-8.1251755546e-06,-0.000166049823747,1,0.0211884118617,-0.0393590666354,294.827148438,-34.8401374817,21.4673290253
-0.879163444042,-1.10299539566,-0.781750202179,-0.560494542122,0.675384640694,0.654018580914,0.957000017166,0.0245979465544,0.645143895594,1.04906785054e-05,-7.76864635554e-06,-0.000166755140526,1,0.0224473997951,-0.0435158535838,293.61328125,-34.3269233704,20.0461597443
-0.844993650913,-1.05020165443,-0.754509925842,-0.540963947773,0.685505628586,0.66221421957,0.957000017166,0.0250706374645,0.653353154372,9.56382336881e-06,-7.30166721041e-06,-0.000167586127645,1,0.024368846789,-0.0496113151312,291.929779053,-33.7204322815,18.0268630981
-0.823013365269,-1.01596331596,-0.737049996853,-0.528445601463,0.69217646122,0.667601168156,0.957000017166,0.025381334126,0.658749055361,8.89147759153e-06,-6.9642546805e-06,-0.000168283324456,1,0.0256501864642,-0.0535445511341,290.857788086,-33.3013343811,16.7207164764
-0.793999314308,-0.972454190254,-0.713610827923,-0.511640369892,0.702869713306,0.67634755373,0.957000017166,0.0257991757244,0.667505416032,7.95867981651e-06,-6.50137553748e-06,-0.000169070655829,1,0.0276020728052,-0.059570685029,289.378631592,-32.8379898071,14.7801733017
-0.775362968445,-0.944279074669,-0.6986104846,-0.500885486603,0.709918856621,0.682096540928,0.957000017166,0.026073820889,0.673260959775,7.28034592612e-06,-6.1661808104e-06,-0.000169740073034,1,0.02890554443,-0.063459187746,288.439025879,-32.5082817078,13.5247764587
-0.750317275524,-0.907661259174,-0.678143024445,-0.486210852861,0.721162855625,0.691374897957,0.957000017166,0.0264243017882,0.682545933981,6.29225951343e-06,-5.68130462852e-06,-0.000170353654539,1,0.0308863706887,-0.0697033777833,287.120727539,-32.1659660339,11.5641679764
-0.734244346619,-0.883969604969,-0.665057361126,-0.476828783751,0.728576242924,0.697473526001,0.957000017166,0.0266546737403,0.688648911554,5.57157227377e-06,-5.32909098183e-06,-0.000170897634234,1,0.0322110876441,-0.0737325921655,286.284881592,-31.9111480713,10.2956228256
-0.711650729179,-0.851661860943,-0.646403372288,-0.463454335928,0.740334928036,0.707254111767,0.957000017166,0.0269203092903,0.698433103916,4.49218305221e-06,-4.80188646179e-06,-0.000171083636815,1,0.034216221422,-0.0804085731506,285.054962158,-31.6530094147,8.24223899841
-0.69714641571,-0.830751001835,-0.634473860264,-0.454901188612,0.748088896275,0.713682889938,0.957000017166,0.0270949099213,0.704864252659,3.70252746507e-06,-4.41763995696e-06,-0.000171314255567,1,0.0355591550469,-0.0847164094448,284.275421143,-31.4492321014,6.91356134415
-0.675391733646,-0.800272941589,-0.616338908672,-0.441898941994,0.760309100151,0.723924219608,0.957000017166,0.0272560548037,0.715106850039,2.52629365605e-06,-3.84211671189e-06,-0.000170733139385,1,0.0375787578523,-0.0919211432338,283.045562744,-31.2307777405,4.73467826843
-0.661398530006,-0.780507385731,-0.604719221592,-0.433567911386,0.768368542194,0.730655789375,0.957000017166,0.0273619741201,0.721839253059,1.66336303664e-06,-3.4213330764e-06,-0.00017039992963,1,0.0389333665371,-0.0965701639652,282.264678955,-31.0494480133,3.32477688789
-0.63888669014,-0.74959897995,-0.585771143436,-0.419982641935,0.780978798866,0.741304516792,0.957000017166,0.0273977890611,0.732488040704,4.21533030703e-07,-2.80828180621e-06,-0.000168662052602,1,0.0409512445331,-0.104290552437,280.939605713,-30.8233547211,1.02558279037
-0.624359428883,-0.729490160942,-0.573591470718,-0.411250144243,0.789296627045,0.748303890228,0.957000017166,0.0274213291705,0.739487453725,-4.91918626722e-07,-2.35881702793e-06,-0.000167478356161,1,0.0423067100346,-0.109272308648,280.095245361,-30.6342639923,-0.462077707052
-0.599810123444,-0.696484923363,-0.552716732025,-0.396283477545,0.802207112312,0.759295403957,0.957000017166,0.0273137111217,0.750479494286,-1.71662168214e-06,-1.74291210442e-06,-0.000164238575962,1,0.0442991033196,-0.117311820388,278.592559814,-30.3596477509,-2.81719279289
-0.58391225338,-0.67493891716,-0.53925126791,-0.386629104614,0.8107239604,0.766520082951,0.957000017166,0.0272429753095,0.757704519553,-2.61992386186e-06,-1.29022350848e-06,-0.000161950694746,1,0.0456395186484,-0.122499495745,277.631011963,-30.1369361877,-4.3408370018
-0.556678712368,-0.639144361019,-0.515833735466,-0.369839310646,0.823829591274,0.777779877186,0.957000017166,0.026981048286,0.76896735987,-3.71512192032e-06,-7.20153195743e-07,-0.000157025511726,1,0.0475767329335,-0.130559936166,275.903594971,-29.7898330688,-6.65516519547
-0.538989007473,-0.615711510181,-0.500681638718,-0.35897564888,0.832476019859,0.785180866718,0.957000017166,0.0268088839948,0.776370351603,-4.52564518127e-06,-3.00066716363e-07,-0.000153497836436,1,0.048882201314,-0.135761126876,274.794128418,-29.5187149048,-8.15212440491
-0.512376248837,-0.581469714642,-0.477552801371,-0.342392891645,0.845661640167,0.796626329422,0.957000017166,0.0263905730098,0.787823456011,-5.50159347767e-06,1.90982191839e-07,-0.000149467639858,1,0.0507313609123,-0.143476143479,273.062194824,-29.0156326294,-10.3217134476
-0.494797587395,-0.558690011501,-0.462330132723,-0.331478655338,0.854361593723,0.804149389267,0.957000017166,0.0261156205088,0.795351538656,-6.22123707217e-06,5.53196287001e-07,-0.000146486898302,1,0.0519798137248,-0.148454427719,271.929473877,-28.6493301392,-11.7238454819
-0.472145497799,-0.530114769936,-0.442444711924,-0.317221313715,0.863036513329,0.811736881733,0.957000017166,0.0257442463189,0.802948114247,-6.54125688015e-06,8.02093381935e-07,-0.000138832750963,1,0.0531495064497,-0.15297216177,270.421844482,-28.3206672668,-12.9445867538
-0.436976701021,-0.48605710268,-0.411460936069,-0.295006781816,0.876183688641,0.823280334473,0.957000017166,0.0251792408526,0.814505386085,-6.95782637194e-06,1.13665782919e-06,-0.000128140716697,1,0.0548782758415,-0.159973442554,268.058380127,-27.8924503326,-14.8319759369
-0.415860444307,-0.460193008184,-0.392638742924,-0.281511723995,0.884758114815,0.830873012543,0.957000017166,0.0247242134064,0.822111686779,-7.0955229603e-06,1.28374745145e-06,-0.000121734716231,1,0.0559511892498,-0.163867160678,266.612457275,-27.5163459778,-15.8447189331
-0.383531451225,-0.420865058899,-0.363718301058,-0.260776519775,0.897752583027,0.8424243927,0.957000017166,0.024031938985,0.833683792353,-7.26953203412e-06,1.47966147779e-06,-0.000112918998639,1,0.0575329177082,-0.169901371002,264.377197266,-27.0073223114,-17.4121990204
-0.362918078899,-0.396282494068,-0.34508267045,-0.247415274382,0.906157672405,0.849963307381,0.957000017166,0.0235105156898,0.841240717443,-7.18913270248e-06,1.53451344431e-06,-0.000106296225567,1,0.0584969222546,-0.173100695014,262.930023193,-26.6391906738,-18.2023296356
-0.33140322566,-0.358939677477,-0.316493421793,-0.226917535067,0.918895423412,0.86143296957,0.957000017166,0.022717230022,0.852737780237,-7.0675328061e-06,1.60518038683e-06,-9.72071939032e-05,1,0.0599138885736,-0.178058803082,260.696685791,-26.1406021118,-19.4261817932
-0.312071055174,-0.336460858583,-0.298775881529,-0.214214503765,0.927071392536,0.868861317635,0.957000017166,0.022148264572,0.860187886051,-6.83108646626e-06,1.59145452017e-06,-9.07536814339e-05,1,0.0607637576759,-0.180594086647,259.306976318,-25.8012943268,-20.0145301819
-0.28255918622,-0.30235016346,-0.271640330553,-0.194759011269,0.939462125301,0.880162775517,0.957000017166,0.0212826486677,0.871522445644,-6.49956018606e-06,1.56951057306e-06,-8.19211272756e-05,1,0.0620086677372,-0.184523105621,257.166168213,-25.3447036743,-20.9268569946
-0.265005975962,-0.282407283783,-0.255347043276,-0.183077171445,0.947359144688,0.887427151203,0.957000017166,0.020684029907,0.878811444103,-6.17644718659e-06,1.51393874148e-06,-7.59220201871e-05,1,0.0627458244562,-0.186525240541,255.875015259,-25.0469760895,-21.3608531952
-0.238256603479,-0.252184569836,-0.23044089973,-0.165220111609,0.959327697754,0.898479104042,0.957000017166,0.0197733007371,0.889900857486,-5.73003626414e-06,1.43597026181e-06,-6.77358475514e-05,1,0.0638214200735,-0.189628005028,253.889831543,-24.6516036987,-22.0349025726
-0.222627669573,-0.234791591763,-0.215764954686,-0.154697835445,0.966905355453,0.905530810356,0.957000017166,0.019159283489,0.896979245658,-5.37664891453e-06,1.36053790811e-06,-6.23406958766e-05,1,0.0644523352385,-0.191283449531,252.713378906,-24.3980121613,-22.373090744
-0.198859289289,-0.208475977182,-0.19338105619,-0.13864916563,0.97839063406,0.916259169579,0.957000017166,0.0182251259685,0.907748198341,-4.89205422127e-06,1.25644476157e-06,-5.50030563318e-05,1,0.0653688982129,-0.19384893775,250.908447266,-24.067445755,-22.8993339539
-0.184946551919,-0.193274214864,-0.180179968476,-0.12918433547,0.985616564751,0.923055231571,0.957000017166,0.0176060944796,0.914572394894,-4.54240898762e-06,1.17499439511e-06,-5.02264483657e-05,1,0.065902762115,-0.195368483663,249.835647583,-23.850402832,-23.2012329102
-0.163834184408,-0.170314595103,-0.160093158484,-0.114782623947,0.996569633484,0.933394670486,0.957000017166,0.0166643094271,0.924954637241,-4.06534854847e-06,1.06343259176e-06,-4.37527087342e-05,1,0.0666746497154,-0.19772335887,248.193466187,-23.5726737976,-23.6717147827
-0.151152655482,-0.156683683395,-0.147946089506,-0.106073491275,1.00341761112,0.939898729324,0.957000017166,0.0160460546613,0.931488014647,-3.73040393242e-06,9.8154907846e-07,-3.9510166971e-05,1,0.0671209916472,-0.19927328825,247.191009521,-23.3771533966,-23.9800033569
-0.131944298744,-0.136126607656,-0.129500880837,-0.0928487554193,1.01379907131,0.949793815613,0.957000017166,0.0151054523885,0.941427706055,-3.27499287778e-06,8.6988336534e-07,-3.37786987075e-05,1,0.0677629411221,-0.201675251126,245.65965271,-23.1288719177,-24.4607486725
-0.119889259338,-0.123364031315,-0.117851316929,-0.084496319294,1.02024877071,0.95597666502,0.957000017166,0.0144918477163,0.947640928849,-2.95055679089e-06,7.87640033195e-07,-2.99477742374e-05,1,0.0681297332048,-0.203352093697,244.683151245,-22.9371166229,-24.7963008881
-0.10164731741,-0.104127660394,-0.10018196702,-0.0718278586864,1.03002738953,0.965383112431,0.957000017166,0.0135583179072,0.957093586189,-2.51034293797e-06,6.75765022606e-07,-2.47846601269e-05,1,0.0686540231109,-0.205950737,243.19354248,-22.6907463074,-25.3196144104
-0.0895944237709,-0.0915531441569,-0.0884331762791,-0.063404276967,1.03606307507,0.971222877502,0.957000017166,0.0129515714943,0.962964786859,-2.18586160372e-06,5.9085977e-07,-2.12451395782e-05,1,0.068947263062,-0.207777395844,242.195236206,-22.4852428436,-25.6823005676
-0.0713499039412,-0.0725871473551,-0.0706110596657,-0.0506262928247,1.04521536827,0.980107486248,0.957000017166,0.0120284771547,0.971897220778,-1.74586125468e-06,4.7547788995e-07,-1.64799967024e-05,1,0.0693630352616,-0.210608243942,240.672973633,-22.2137050629,-26.2479743958
-0.0587787255645,-0.0596648752689,-0.0582480207086,-0.0417623110116,1.05082690716,0.985589981079,0.957000017166,0.0114314705133,0.977412124812,-1.411572498e-06,3.85562145766e-07,-1.31505685204e-05,1,0.0695864260197,-0.21251411736,239.612167358,-21.9806957245,-26.6134605408
-0.0397219061852,-0.0401389524341,-0.0394703149796,-0.0282991863787,1.05933725834,0.993930876255,0.957000017166,0.0105231916532,0.9858023276,-9.58136297413e-07,2.63387249788e-07,-8.66755817697e-06,1,0.0698992535472,-0.215467721224,237.993850708,-21.6627597809,-27.1837844849
-0.026306156069,-0.0265602488071,-0.0261525567621,-0.018750699237,1.06452023983,0.99904859066,0.957000017166,0.00993981678039,0.990953184516,-6.11905761616e-07,1.68296310221e-07,-5.52236633666e-06,1,0.0700551941991,-0.217329129577,236.843994141,-21.3942985535,-27.5159797668
-0.0059265429154,-0.00599252898246,-0.0058862529695,-0.00422028964385,1.07238161564,1.00683474541,0.957000017166,0.00905227754265,0.998789761042,-1.41973046652e-07,3.90652523663e-08,-1.28328395022e-06,1,0.070268638432,-0.220213830471,235.088088989,-21.0177669525,-28.0349884033
0.00846159271896,0.00833398941904,0.00854081846774,0.00612354371697,1.07713770866,1.01158702374,0.957000017166,0.00848783459514,1.0035754423,2.0922720978e-07,-5.87092152671e-08,1.65899075455e-06,1,0.0703590884805,-0.221869707108,233.837921143,-20.7115726471,-28.2913532257
0.0303675383329,0.0300903338939,0.0305407252163,0.0218969024718,1.0843526125,1.01881706715,0.957000017166,0.00762909930199,1.01085630448,6.86122405114e-07,-1.91594239141e-07,5.62972309126e-06,1,0.0704759284854,-0.22443588078,231.926589966,-20.2730464935,-28.6930351257
0.0456337593496,0.0450313091278,0.0460131727159,0.0329902432859,1.08868956566,1.02320861816,0.957000017166,0.00708982301876,1.01528084279,1.0257890608e-06,-2.86829845209e-07,8.31482248032e-06,1,0.0705032870173,-0.225707262754,230.582946777,-19.932882309,-28.8312129974
0.0689247772098,0.0677747279406,0.0696521103382,0.0499387457967,1.09526968002,1.02988982201,0.957000017166,0.00626937579364,1.02201223332,1.48693584379e-06,-4.16197025288e-07,1.1942493984e-05,1,0.0705269277096,-0.227677553892,228.526443481,-19.438337326,-29.0497951508
0.0847502723336,0.0829887837172,0.0858730003238,0.0615686960518,1.09920144081,1.03393042088,0.957000017166,0.00576209882274,1.02608455074,1.79228516117e-06,-5.01990768953e-07,1.42943699757e-05,1,0.0704947933555,-0.22842746973,227.114562988,-19.0736217499,-29.0432224274
0.108935140073,0.106193348765,0.11069316417,0.0793641135097,1.10516762733,1.0400775671,0.957000017166,0.00499033508822,1.03227995435,2.2063020424e-06,-6.18350270543e-07,1.74730885192e-05,1,0.0704304799438,-0.229589655995,224.951873779,-18.5377864838,-29.0373840332
0.125177443027,0.121523246169,0.127538457513,0.0914417505264,1.10871362686,1.04378020763,0.957000017166,0.00452084233984,1.0360122419,2.4649889383e-06,-6.90988372298e-07,1.94698022824e-05,1,0.0703444555402,-0.22988781333,223.476043701,-18.1514701843,-28.9085273743
0.150035053492,0.144944250584,0.153347373009,0.109946072102,1.11409509182,1.0494133234,0.957000017166,0.00380656355992,1.04169046235,2.81509710476e-06,-7.89307932791e-07,2.21681293624e-05,1,0.0702004432678,-0.230349883437,221.213806152,-17.5790100098,-28.7129955292
0.16701079905,0.160665079951,0.171171829104,0.122725732625,1.11727678776,1.05279374123,0.957000017166,0.00337676866911,1.04509809324,3.02933062812e-06,-8.49358514188e-07,2.38714419538e-05,1,0.0700663030148,-0.230295851827,219.634475708,-17.1609764099,-28.4854450226
0.193026930094,0.184722393751,0.19851501286,0.142330080271,1.12210631371,1.0579366684,0.957000017166,0.002722884994,1.05028242191,3.31877618009e-06,-9.30490614337e-07,2.61735312961e-05,1,0.0698511973023,-0.230212122202,217.211883545,-16.5361404419,-28.1367607117
0.211940675974,0.201879650354,0.218647554517,0.156764596701,1.12494552135,1.06101262569,0.957000017166,0.00233374652453,1.0533828964,3.5210673559e-06,-9.87205567071e-07,2.77546623693e-05,1,0.0696730837226,-0.230244293809,215.386810303,-16.047410965,-27.8945140839
0.240966811776,0.22817723453,0.249569788575,0.178935021162,1.12925601006,1.06569242477,0.957000017166,0.00174171698745,1.05809999491,3.79506286663e-06,-1.06402353595e-06,2.98957511404e-05,1,0.0693930760026,-0.230294167995,212.585144043,-15.309129715,-27.523191452
0.276446312666,0.259184122086,0.288311511278,0.206711828709,1.13176977634,1.06848180294,0.957000017166,0.00138658576179,1.06091188907,4.26864153269e-06,-1.19704850476e-06,3.31571609422e-05,1,0.0691709071398,-0.231536313891,208.882720947,-14.2903385162,-27.2781963348
0.331134974957,0.306929737329,0.348070174456,0.249557226896,1.13558757305,1.07272553444,0.957000017166,0.000846294278745,1.06518987597,4.92103890792e-06,-1.38030725338e-06,3.76409043383e-05,1,0.0688261315227,-0.2334613204,203.178512573,-12.7228116989,-26.9038848877
0.356862932444,0.32913762331,0.376399338245,0.269868522882,1.13771271706,1.07524633408,0.957000017166,0.000510647718329,1.06773292324,5.23294647792e-06,-1.46795105138e-06,3.96985524276e-05,1,0.0684804469347,-0.234553351998,200.421066284,-12.1187105179,-26.7593307495
0.363592416048,0.335496842861,0.383316159248,0.27482765913,1.03763020039,1.07908129692,0.957000017166,0,1.07160173457,5.16731051903e-06,-1.44972682392e-06,-3.88066873711e-05,1,-0.0353613160551,-0.0260650925338,198.722930908,25.6217651367,25.5038146973
